<?xml version="1.0" encoding="UTF-8"?>
<project-private xmlns="http://www.netbeans.org/ns/project-private/1">
    <editor-bookmarks xmlns="http://www.netbeans.org/ns/editor-bookmarks/2" lastBookmarkId="0"/>
    <open-files xmlns="http://www.netbeans.org/ns/projectui-open-files/2">
        <group>
            <file>file:/E:/FCI/Level%203%20second%20trem/swe/src/com/models/UserModel.java</file>
            <file>file:/E:/FCI/Level%203%20second%20trem/swe/src/com/models/DBConnection.java</file>
            <file>file:/E:/FCI/Level%203%20second%20trem/swe/src/com/services/Services.java</file>
        </group>
    </open-files>
</project-private>
